,Destination,Direction,Latitude,Longitude,Pattern,RecordedTime,RouteMap.Href,RouteNo,TripId,VehicleNo
0,BLUERIDGE,EAST,49.305267,-123.02875,E2C,09:46:34 pm,https://nb.translink.ca/geodata/214.kmz,214,11153096,11302
1,METROTOWN STN,WEST,49.212083,-122.958783,WB1,09:46:44 pm,https://nb.translink.ca/geodata/147.kmz,147,10786035,11324
2,RIVERPORT,EAST,49.1407,-123.103367,EB1,09:46:26 pm,https://nb.translink.ca/geodata/413.kmz,413,10808118,11325
3,UBC,WEST,49.22505,-123.05955,WB1,09:46:50 pm,https://nb.translink.ca/geodata/049.kmz,049,10774670,12002
4,UBC,WEST,49.262383,-123.24205,WB1,09:46:38 pm,https://nb.translink.ca/geodata/049.kmz,049,10774703,12012
5,BRIDGEPORT STN VIA LADNER EXCH,NORTH,49.006967,-123.129233,NB1,09:45:57 pm,https://nb.translink.ca/geodata/620.kmz,620,10811881,12015
6,METROTOWN STN,EAST,49.267567,-123.24755,EB1,09:41:38 pm,https://nb.translink.ca/geodata/049.kmz,049,10774628,12019
7,METROTOWN STN,EAST,49.234783,-123.189967,EB1,09:46:44 pm,https://nb.translink.ca/geodata/049.kmz,049,10774587,12020
8,BRAID STN,WEST,49.233033,-122.854017,WB1,09:45:42 pm,https://nb.translink.ca/geodata/169.kmz,169,10788371,14006
9,PT COQ STN,EAST,49.2721,-122.78735,EB1,09:46:49 pm,https://nb.translink.ca/geodata/160.kmz,160,10788052,14008
10,PORT MANN EXP/CARVOLTH EXCH,EAST,49.215317,-122.811467,EB1,09:46:46 pm,https://nb.translink.ca/geodata/555.kmz,555,10809965,14012
11,PORT MANN EXP/LOUGHEED STN,WEST,49.168733,-122.68575,WB1,09:45:58 pm,https://nb.translink.ca/geodata/555.kmz,555,10810010,14017
12,PT COQ STN,EAST,49.29465,-122.7702,EB2,09:46:47 pm,https://nb.translink.ca/geodata/188.kmz,188,10791459,14020
13,MAPLE RIDGE EAST,EAST,49.220317,-122.584017,EB1D1,09:46:44 pm,https://nb.translink.ca/geodata/701.kmz,701,10812470,14031
14,SCOTTSDALE,EAST,49.118933,-122.908483,EB1,09:46:32 pm,https://nb.translink.ca/geodata/340.kmz,340,10802076,14041
15,LOUGHEED STN,EAST,49.202233,-122.94055,EB1,09:46:57 pm,https://nb.translink.ca/geodata/101.kmz,101,10779361,14042
16,GUILDFORD B-LINE,NORTH,49.19145,-122.8118,NB3,09:47:03 pm,https://nb.translink.ca/geodata/096.kmz,096,10777135,15005
17,NEWTON EXCH B-LINE,SOUTH,49.1916,-122.8429,SB1,09:47:03 pm,https://nb.translink.ca/geodata/096.kmz,096,10777245,15011
18,PT COQ SOUTH,SOUTH,49.260917,-122.77385,SB1,09:39:46 pm,https://nb.translink.ca/geodata/170.kmz,170,10788635,1507
19,CAPITOL HILL,NORTH,49.28105,-123.01315,NB1,09:46:46 pm,https://nb.translink.ca/geodata/132.kmz,132,10784076,1517
20,BEACH,WEST,49.27445,-123.120167,WB1,09:46:19 pm,https://nb.translink.ca/geodata/023.kmz,023,10770824,1518
21,BEACH,WEST,49.273233,-123.098583,WB1,09:43:12 pm,https://nb.translink.ca/geodata/023.kmz,023,10770832,1522
22,EDMONDS STN,EAST,49.18935,-122.987683,EB1,09:46:35 pm,https://nb.translink.ca/geodata/116.kmz,116,10781670,1525
23,NEW WEST STN,WEST,49.220467,-122.906733,WB1,09:46:57 pm,https://nb.translink.ca/geodata/105.kmz,105,10780234,1529
24,UPTOWN,EAST,49.207283,-122.90535,EB1,09:46:29 pm,https://nb.translink.ca/geodata/105.kmz,105,10780213,1530
25,VICTORIA HILL,EAST,49.199817,-122.9223,EB1,09:46:14 pm,https://nb.translink.ca/geodata/103.kmz,103,10779712,1534
26,UBC EXCH,NORTH,49.254617,-123.235333,NB1,09:46:10 pm,https://nb.translink.ca/geodata/070.kmz,070,10775665,1536
27,ROYAL OAK STN,WEST,49.212117,-122.958833,WB1,09:45:05 pm,https://nb.translink.ca/geodata/148.kmz,148,10786260,1539
28,QUAYSIDE,WEST,49.205517,-122.906533,WB1,09:46:29 pm,https://nb.translink.ca/geodata/103.kmz,103,10779779,1542
29,MAIN ST STN,EAST,49.274217,-123.117217,EB1,09:46:39 pm,https://nb.translink.ca/geodata/023.kmz,023,10770719,1543
30,EDMONDS STN,EAST,49.225583,-122.990933,EB1,09:46:52 pm,https://nb.translink.ca/geodata/119.kmz,119,10782051,16002
31,HOLDOM STN,EAST,49.265,-123.0142,EB1,09:47:12 pm,https://nb.translink.ca/geodata/129.kmz,129,10783099,16013
32,22ND ST STN,EAST,49.174583,-123.136667,EB1,09:47:08 pm,https://nb.translink.ca/geodata/410.kmz,410,10807623,16026
33,PATTERSON STN,WEST,49.233817,-123.013483,WB1,09:47:03 pm,https://nb.translink.ca/geodata/129.kmz,129,10783151,16027
34,22ND ST STN VIA TRAPP,EAST,49.20915,-123.005267,EB1TR,09:47:08 pm,https://nb.translink.ca/geodata/100.kmz,100,10869012,16029
35,EDMONDS STN,WEST,49.221633,-122.93095,WB106,09:47:03 pm,https://nb.translink.ca/geodata/106.kmz,106,10780640,16031
36,HOLDOM STN,WEST,49.24985,-122.980983,WB2,09:47:04 pm,https://nb.translink.ca/geodata/133.kmz,133,10784267,16035
37,LOUGHEED STN,EAST,49.225917,-123.002883,EB1,09:46:53 pm,https://nb.translink.ca/geodata/110.kmz,110,10781104,16041
38,ANNACIS ISLAND,SOUTH,49.192233,-122.933933,SB1,09:46:20 pm,https://nb.translink.ca/geodata/104.kmz,104,10780057,16049
39,METROTOWN STN,WEST,49.255767,-122.906633,WB1,09:47:00 pm,https://nb.translink.ca/geodata/110.kmz,110,10781137,16051
40,BRIDGEPORT STN,NORTH,49.133633,-123.067383,NB1,09:46:35 pm,https://nb.translink.ca/geodata/403.kmz,403,10805534,16103
41,GILBERT,SOUTH,49.210717,-123.0756,SB1W,09:45:27 pm,https://nb.translink.ca/geodata/407.kmz,407,10806849,16106
42,BRIGHOUSE STN,WEST,49.1352,-123.064533,WB1RP,09:44:38 pm,https://nb.translink.ca/geodata/408.kmz,408,10807177,16111
43,BRIGHOUSE STN,EAST,49.126417,-123.183717,EB1,09:42:18 pm,https://nb.translink.ca/geodata/401.kmz,401,10804871,16113
44,BRIGHOUSE STN,SOUTH,49.2058,-123.077517,SB2BH,09:47:08 pm,https://nb.translink.ca/geodata/405.kmz,405,10806080,16119
45,BRIDGEPORT,NORTH,49.182783,-123.12445,NB1,09:46:45 pm,https://nb.translink.ca/geodata/407.kmz,407,10806817,16121
46,STEVESTON,SOUTH,49.172,-123.13505,SB1W,09:47:09 pm,https://nb.translink.ca/geodata/406.kmz,406,10806474,16127
47,BRIGHOUSE STN,WEST,49.164717,-123.135,WB1,09:47:02 pm,https://nb.translink.ca/geodata/430.kmz,430,10808469,16128
48,BRIGHOUSE STN,WEST,49.161333,-123.125383,WB1RP,09:45:56 pm,https://nb.translink.ca/geodata/408.kmz,408,10807178,16129
49,DUNDARAVE - TO 25TH & MARINE,WEST,49.31785,-123.136383,WB4,09:45:31 pm,https://nb.translink.ca/geodata/250.kmz,250,11154943,16132
50,GILBERT,SOUTH,49.192,-123.127,SB1E,09:45:29 pm,https://nb.translink.ca/geodata/407.kmz,407,10806848,16137
51,UBC,WEST,49.228417,-123.1742,WB1,09:46:40 pm,https://nb.translink.ca/geodata/049.kmz,049,10774674,16215
52,METROTOWN STN,EAST,49.225483,-123.091867,EB1,09:46:26 pm,https://nb.translink.ca/geodata/049.kmz,049,10774636,16223
53,UBC,WEST,49.225983,-123.113867,WB1,09:46:34 pm,https://nb.translink.ca/geodata/049.kmz,049,10774712,16226
54,LOUGHEED STN,WEST,49.244967,-122.859117,WB1,09:46:25 pm,https://nb.translink.ca/geodata/157.kmz,157,10787563,16501
55,LOUGHEED STN,SOUTH,49.271167,-122.880467,SB1,09:47:09 pm,https://nb.translink.ca/geodata/180.kmz,180,10789778,16503
56,LAKE CITY STN,EAST,49.271033,-123.0016,EB1,09:46:46 pm,https://nb.translink.ca/geodata/134.kmz,134,10784470,16504
57,COQ CTRL STN,EAST,49.2983,-122.8181,EB1,09:47:02 pm,https://nb.translink.ca/geodata/183.kmz,183,10790222,16506
58,BRENTWOOD STN,WEST,49.264833,-122.921433,WB1,09:47:09 pm,https://nb.translink.ca/geodata/136.kmz,136,10784695,16514
59,MOODY CTR STN,WEST,49.288367,-122.833317,WB1,09:46:34 pm,https://nb.translink.ca/geodata/183.kmz,183,10790285,16515
60,LOUGHEED STN,EAST,49.253867,-122.9183,EB1,09:47:11 pm,https://nb.translink.ca/geodata/136.kmz,136,10784656,16520
61,HAMPTON PARK,NORTH,49.276,-122.79815,NB1,09:46:47 pm,https://nb.translink.ca/geodata/186.kmz,186,10790977,16527
62,BRAID STN,WEST,49.2759,-122.7985,WB1,09:45:10 pm,https://nb.translink.ca/geodata/153.kmz,153,10786995,16529
63,COQ CTRL STN,WEST,49.285733,-122.7462,WB1,09:47:02 pm,https://nb.translink.ca/geodata/174.kmz,174,10789451,16530
64,MOODY CTR STN,NORTH,49.261767,-122.889767,NB1,09:46:32 pm,https://nb.translink.ca/geodata/180.kmz,180,10789704,16532
65,IOCO,NORTH,49.280483,-122.829467,NB1,09:47:02 pm,https://nb.translink.ca/geodata/181.kmz,181,10789929,16539
66,RIVERSIDE,EAST,49.271083,-122.733767,EB1,09:46:19 pm,https://nb.translink.ca/geodata/172.kmz,172,10789039,16545
67,LANSDOWNE,NORTH,49.275417,-122.7985,NB1,09:46:45 pm,https://nb.translink.ca/geodata/185.kmz,185,10790734,16549
68,NEW WEST STN,SOUTH,49.216117,-122.8958,SB1,09:46:40 pm,https://nb.translink.ca/geodata/109.kmz,109,10780964,16551
69,ROCKLIN,EAST,49.275783,-122.7986,EB1,09:45:48 pm,https://nb.translink.ca/geodata/174.kmz,174,10789419,16554
70,HAMPTON PARK,NORTH,49.311467,-122.787567,NB1,09:46:15 pm,https://nb.translink.ca/geodata/186.kmz,186,10790976,16555
71,BRENTWOOD STN,WEST,49.275067,-122.99215,WB1,09:47:12 pm,https://nb.translink.ca/geodata/134.kmz,134,10784485,16561
72,PARK ROYAL - ONLY,EAST,49.342167,-123.174317,EB1NEW,09:46:03 pm,https://nb.translink.ca/geodata/251.kmz,251,11153321,17505
73,NOONS CREEK,NORTH,49.277233,-122.8474,NB1,09:39:40 pm,https://nb.translink.ca/geodata/184.kmz,184,10790502,17512
74,COQ CTRL STN,EAST,49.244217,-122.84405,EB1,09:46:41 pm,https://nb.translink.ca/geodata/153.kmz,153,10786961,17513
75,PARKWAY,NORTH,49.275367,-122.798533,NB1,09:45:34 pm,https://nb.translink.ca/geodata/187.kmz,187,10791240,17514
76,FRASER HTS,EAST,49.191433,-122.802967,EB2,09:46:13 pm,https://nb.translink.ca/geodata/337.kmz,337,10801769,17515
77,WHITE ROCK CTR,NORTH,49.024617,-122.80115,NB1,09:46:45 pm,https://nb.translink.ca/geodata/362.kmz,362,10803411,17518
78,SCOTT RD STN,WEST,49.2062,-122.850183,WB1,09:46:08 pm,https://nb.translink.ca/geodata/371.kmz,371,10804050,17519
79,GUILDFORD,EAST,49.201267,-122.812567,EB1,09:46:50 pm,https://nb.translink.ca/geodata/373.kmz,373,10804329,17520
80,SURREY CTRL STN,WEST,49.202017,-122.789933,WB2,09:46:19 pm,https://nb.translink.ca/geodata/337.kmz,337,10801832,17526
81,PEACE ARCH HOSPITAL,EAST,49.038467,-122.8392,EB1,09:46:22 pm,https://nb.translink.ca/geodata/360.kmz,360,10803197,17528
82,SURREY CTRL STN,WEST,49.194683,-122.8677,WB1,09:46:45 pm,https://nb.translink.ca/geodata/373.kmz,373,10804367,17531
83,PEACE ARCH HOSPITAL,SOUTH,49.022017,-122.779583,SB1,09:46:02 pm,https://nb.translink.ca/geodata/363.kmz,363,10803631,17541
84,SOUTHPOINT,NORTH,49.04075,-122.7807,NB1,09:46:33 pm,https://nb.translink.ca/geodata/363.kmz,363,10803614,17545
85,GUILDFORD B-LINE,NORTH,49.19155,-122.803133,NB3,09:46:33 pm,https://nb.translink.ca/geodata/096.kmz,096,10777199,18025
86,GUILDFORD B-LINE,NORTH,49.163517,-122.845683,NB3,09:47:03 pm,https://nb.translink.ca/geodata/096.kmz,096,10777201,18027
87,NEWTON EXCH B-LINE,SOUTH,49.175867,-122.845883,SB1,09:45:55 pm,https://nb.translink.ca/geodata/096.kmz,096,10777329,18028
88,FRASER HWY EXP/SURREY CTRL STN,WEST,49.18805,-122.847667,WB4,09:47:03 pm,https://nb.translink.ca/geodata/503.kmz,503,10826427,18029
89,GUILDFORD B-LINE,NORTH,49.191417,-122.832783,NB3,09:47:01 pm,https://nb.translink.ca/geodata/096.kmz,096,10777200,18031
90,FRASER HWY EXP/SURREY CTRL STN,WEST,49.105633,-122.654117,WB4,09:46:44 pm,https://nb.translink.ca/geodata/503.kmz,503,10826428,18032
91,SFU,NORTH,49.260617,-122.90735,NB1,09:45:20 pm,https://nb.translink.ca/geodata/145.kmz,145,10785503,18038
92,COMM'L-BDWAY STN,EAST,49.26745,-123.246917,E1,09:47:04 pm,https://nb.translink.ca/geodata/099.kmz,099,10778149,18040
93,SFU B-LINE,EAST,49.273833,-122.933733,E1,09:46:52 pm,https://nb.translink.ca/geodata/095.kmz,095,10776561,18045
94,UBC B-LINE,WEST,49.26385,-123.210017,W1,09:46:11 pm,https://nb.translink.ca/geodata/099.kmz,099,10778406,18046
95,UBC B-LINE,WEST,49.26335,-123.068833,W1,09:45:46 pm,https://nb.translink.ca/geodata/099.kmz,099,10778377,18055
96,SFU B-LINE,EAST,49.281133,-123.0246,E1,09:45:14 pm,https://nb.translink.ca/geodata/095.kmz,095,10776543,18056
97,UBC B-LINE,WEST,49.263617,-123.13585,W1,09:46:18 pm,https://nb.translink.ca/geodata/099.kmz,099,10778379,18059
98,COMM'L-BDWAY STN,EAST,49.26315,-123.114083,E1,09:46:28 pm,https://nb.translink.ca/geodata/099.kmz,099,10778237,18060
99,COMM'L-BDWAY STN,EAST,49.263367,-123.06965,E1,09:47:00 pm,https://nb.translink.ca/geodata/099.kmz,099,10778250,18061
100,LANGLEY CTR,SOUTH,49.118533,-122.668633,SB1,09:46:39 pm,https://nb.translink.ca/geodata/501.kmz,501,10808784,18101
101,SCOTT RD STN,NORTH,49.149033,-122.8903,NB1,09:45:57 pm,https://nb.translink.ca/geodata/319.kmz,319,10798960,18104
102,SURREY CTRL STN,WEST,49.162517,-122.791983,WB3L,09:46:37 pm,https://nb.translink.ca/geodata/320.kmz,320,10799565,18105
103,NEWTON EXCH,SOUTH,49.189017,-122.84835,SB7,09:46:15 pm,https://nb.translink.ca/geodata/321.kmz,321,10800021,18108
104,SURREY CTRL STN,WEST,49.105867,-122.661817,WB7,09:46:30 pm,https://nb.translink.ca/geodata/502.kmz,502,10826912,18110
105,SURREY CTRL STN,NORTH,49.177133,-122.894717,NB1L,09:45:41 pm,https://nb.translink.ca/geodata/316.kmz,316,10798553,18115
106,SURREY CTRL STN,NORTH,49.156533,-122.845633,NB1L,09:46:09 pm,https://nb.translink.ca/geodata/321.kmz,321,10799950,18117
107,NEWTON EXCH,SOUTH,49.1378,-122.8879,SB1,09:45:44 pm,https://nb.translink.ca/geodata/319.kmz,319,10799069,18123
108,NEWTON EXCH,SOUTH,49.166117,-122.868033,SB1,09:44:56 pm,https://nb.translink.ca/geodata/323.kmz,323,10800545,18124
109,LANGLEY CTR,EAST,49.152283,-122.766067,EB7,09:46:25 pm,https://nb.translink.ca/geodata/502.kmz,502,10826835,18127
110,LADNER EXCH,SOUTH,49.1881,-122.896467,SB1,09:46:44 pm,https://nb.translink.ca/geodata/640.kmz,640,10812189,18132
111,NEWTON  EXCH,EAST,49.155433,-122.785817,EB1N,09:46:34 pm,https://nb.translink.ca/geodata/335.kmz,335,10801443,18139
112,WHITE ROCK S.,SOUTH,49.0233,-122.765933,SB1,09:45:49 pm,https://nb.translink.ca/geodata/375.kmz,375,10804500,18140
113,FRASER HWY EXP/SURREY CTRL STN,WEST,49.153483,-122.768867,WB1,09:46:47 pm,https://nb.translink.ca/geodata/503.kmz,503,10826381,18148
114,SURREY CTRL STN,NORTH,49.035333,-122.801117,N8LD7,09:46:48 pm,https://nb.translink.ca/geodata/321.kmz,321,10799966,18152
115,SCOTT RD STN,NORTH,49.158783,-122.937933,NB4,09:46:18 pm,https://nb.translink.ca/geodata/640.kmz,640,10812157,18162
116,NEWTON  EXCH,EAST,49.192533,-122.850883,EB1N,09:46:52 pm,https://nb.translink.ca/geodata/335.kmz,335,10801442,18164
117,FRASER HWY EXP/LANGLEY CTR,EAST,49.1698,-122.810983,EB4,09:45:23 pm,https://nb.translink.ca/geodata/503.kmz,503,10826355,18167
118,SURREY CTRL STN,WEST,49.149067,-122.7584,WB7,09:46:07 pm,https://nb.translink.ca/geodata/502.kmz,502,10826873,18172
119,SCOTT RD STN,NORTH,49.194517,-122.88785,NB1,09:46:25 pm,https://nb.translink.ca/geodata/319.kmz,319,10799039,18180
120,SURREY CTRL STN,WEST,49.111667,-122.674833,WB1L,09:46:09 pm,https://nb.translink.ca/geodata/320.kmz,320,10799566,18182
121,SURREY CTRL STN,NORTH,49.19155,-122.804117,NB1L,09:45:05 pm,https://nb.translink.ca/geodata/501.kmz,501,10808763,18183
122,LANGLEY CTR,SOUTH,49.1401,-122.64585,SB1,09:45:30 pm,https://nb.translink.ca/geodata/595.kmz,595,10810754,18189
123,SCOTT RD STN,NORTH,49.13785,-122.887783,NB1,09:38:06 pm,https://nb.translink.ca/geodata/312.kmz,312,10798264,18190
124,FRASER HWY EXP/SURREY CTRL STN,WEST,49.063883,-122.51305,WB1,09:45:31 pm,https://nb.translink.ca/geodata/503.kmz,503,10826389,18192
125,SCOTT RD STN,NORTH,49.133983,-122.8689,NB1,09:46:41 pm,https://nb.translink.ca/geodata/319.kmz,319,10799007,18194
126,GUILDFORD,NORTH,49.133317,-122.8414,NB1W,09:40:20 pm,https://nb.translink.ca/geodata/341.kmz,341,10802288,18195
127,ARBUTUS,WEST,49.281317,-123.070133,WB1F,09:46:34 pm,https://nb.translink.ca/geodata/016.kmz,016,10767442,18301
128,DOWNTOWN,NORTH,49.21095,-123.10135,NB1,09:38:04 pm,https://nb.translink.ca/geodata/003.kmz,003,10761016,18306
129,U B C,WEST,49.240517,-123.102267,WB1,09:46:44 pm,https://nb.translink.ca/geodata/033.kmz,033,10772970,18309
130,U B C,WEST,49.2689,-123.247783,WB1,09:45:15 pm,https://nb.translink.ca/geodata/033.kmz,033,10772971,18312
131,S. FALSE CREEK VIA GRANVILLE ISL.,SOUTH,49.285,-123.11625,SB1FR,09:46:29 pm,https://nb.translink.ca/geodata/050.kmz,050,10823072,18314
132,U B C,WEST,49.2443,-123.045617,WB1,09:44:09 pm,https://nb.translink.ca/geodata/033.kmz,033,10772969,18317
133,KNIGHT,EAST,49.241933,-123.076333,EB2,09:46:45 pm,https://nb.translink.ca/geodata/022.kmz,022,10770224,18320
134,MACDONALD,WEST,49.281833,-123.125033,WB1,09:46:40 pm,https://nb.translink.ca/geodata/002.kmz,002,10820599,18324
135,JOYCE STN,EAST,49.232767,-123.06495,EB21,09:46:50 pm,https://nb.translink.ca/geodata/041.kmz,041,10773485,18325
136,BRENTWOOD STN,EAST,49.250633,-123.02565,EB1DT,09:46:45 pm,https://nb.translink.ca/geodata/025.kmz,025,10771328,18326
137,DOWNTOWN,EAST,49.272683,-123.161017,EB1,09:46:34 pm,https://nb.translink.ca/geodata/002.kmz,002,10820536,18327
138,KNIGHT,EAST,49.287217,-123.120833,EB2,09:46:30 pm,https://nb.translink.ca/geodata/022.kmz,022,10770193,18328
139,UBC,WEST,49.234667,-123.1606,WB1REG,09:46:45 pm,https://nb.translink.ca/geodata/041.kmz,041,10773625,18336
140,DOWNTOWN,EAST,49.234533,-123.185883,EB1,09:41:40 pm,https://nb.translink.ca/geodata/002.kmz,002,10820535,18344
141,UBC,WEST,49.266383,-123.00175,WB1DT,09:42:33 pm,https://nb.translink.ca/geodata/025.kmz,025,10771455,18346
142,TO CROWN,WEST,49.232833,-123.0806,WB23,09:46:14 pm,https://nb.translink.ca/geodata/041.kmz,041,10773553,18378
143,29TH AVE STN,EAST,49.257383,-123.137867,EB1,09:45:49 pm,https://nb.translink.ca/geodata/033.kmz,033,10772955,18379
144,MACDONALD - 16TH,WEST,49.25775,-123.169083,WB2,09:46:42 pm,https://nb.translink.ca/geodata/002.kmz,002,10820600,18381
145,WATERFRONT STN,NORTH,49.267833,-123.13955,NB1FR,09:46:30 pm,https://nb.translink.ca/geodata/050.kmz,050,10822987,18388
146,OLYMPIC VILLAGE STN,NORTH,49.209267,-123.11625,NB1,09:43:19 pm,https://nb.translink.ca/geodata/015.kmz,015,10822893,18395
147,DOWNTOWN,WEST,49.2459,-123.07625,WB2X,09:46:44 pm,https://nb.translink.ca/geodata/022.kmz,022,10770301,18400
148,KNIGHT,EAST,49.276533,-123.08435,EB2,09:46:37 pm,https://nb.translink.ca/geodata/022.kmz,022,10770190,18404
149,CRESCENT BEACH,SOUTH,49.195333,-123.12695,SB1,09:43:16 pm,https://nb.translink.ca/geodata/351.kmz,351,10802901,18455
150,BRIDGEPORT STN,NORTH,49.03125,-122.850767,NB1,09:45:59 pm,https://nb.translink.ca/geodata/351.kmz,351,10802871,18458
151,BRIDGEPORT STN,NORTH,49.090567,-122.9924,NB1WR,09:46:23 pm,https://nb.translink.ca/geodata/351.kmz,351,10802874,18459
152,CRESCENT BEACH,SOUTH,49.031217,-122.842333,SB1,09:47:13 pm,https://nb.translink.ca/geodata/351.kmz,351,10802933,18465
153,BRIDGEPORT STN,NORTH,49.067283,-122.820333,NB1,09:46:44 pm,https://nb.translink.ca/geodata/351.kmz,351,10802872,18467
154,BRIDGEPORT STN,NORTH,49.055483,-122.884417,NB1,09:46:44 pm,https://nb.translink.ca/geodata/351.kmz,351,10802850,18469
155,QUEENS,WEST,49.331383,-123.160217,WB1NEW,09:46:42 pm,https://nb.translink.ca/geodata/251.kmz,251,11153334,18504
156,INDIAN RIVER,EAST,49.305067,-123.028217,EB1,09:45:32 pm,https://nb.translink.ca/geodata/215.kmz,215,11153165,18506
157,LIONS BAY-BRUNSWICK,NORTH,49.35125,-123.252367,NB1EX,09:40:00 pm,https://nb.translink.ca/geodata/262.kmz,262,11153385,18507
158,METROTOWN STN,NORTH,49.214817,-123.017233,NB1,09:46:09 pm,https://nb.translink.ca/geodata/146.kmz,146,10785802,18518
159,WESBROOK MALL,SOUTH,49.26785,-123.246717,SB1,09:46:04 pm,https://nb.translink.ca/geodata/070.kmz,070,10775696,18521
160,EDMONDS STN,EAST,49.225717,-123.003483,EB1,09:46:45 pm,https://nb.translink.ca/geodata/116.kmz,116,10781671,18522
161,METROTOWN STN,WEST,49.205633,-122.952617,WB1,09:46:37 pm,https://nb.translink.ca/geodata/116.kmz,116,10781708,18523
162,MAIN ST STN,EAST,49.280333,-123.138267,EB1,09:47:08 pm,https://nb.translink.ca/geodata/023.kmz,023,10770791,18524
163,COMM'L-BDWAY STN,EAST,49.26375,-123.1532,E1,09:46:56 pm,https://nb.translink.ca/geodata/099.kmz,099,10778249,19009
164,BURRARD STN B-LINE,WEST,49.277583,-122.945967,W1,09:47:08 pm,https://nb.translink.ca/geodata/095.kmz,095,10776645,19010
165,VANCOUVER,EAST,49.285883,-123.12335,E1,09:47:03 pm,https://nb.translink.ca/geodata/257.kmz,257,10797475,19011
166,SFU B-LINE,EAST,49.284967,-123.120083,E1,09:46:58 pm,https://nb.translink.ca/geodata/095.kmz,095,10776560,19023
167,SURREY CTRL STN,WEST,49.1826,-122.845383,WB7,09:47:13 pm,https://nb.translink.ca/geodata/502.kmz,502,10826909,19102
168,LANGLEY CTR,EAST,49.18955,-122.8477,EB7,09:45:18 pm,https://nb.translink.ca/geodata/502.kmz,502,10826826,19110
169,NEWTON EXCH,SOUTH,49.139833,-122.890433,SB1,09:46:58 pm,https://nb.translink.ca/geodata/319.kmz,319,10799070,19129
170,NEWTON EXCH,SOUTH,49.189033,-122.8493,SB1,09:43:04 pm,https://nb.translink.ca/geodata/325.kmz,325,10801035,19130
171,BRIGHOUSE STN,WEST,49.18205,-123.136583,W1,09:47:03 pm,https://nb.translink.ca/geodata/410.kmz,410,10807765,19133
172,DOWNTOWN,EAST,49.274367,-123.121867,EB1,09:46:47 pm,https://nb.translink.ca/geodata/006.kmz,006,10821631,2106
173,COMM'L-BDWAY STN,EAST,49.264367,-123.186583,EB31,09:45:30 pm,https://nb.translink.ca/geodata/009.kmz,009,10764976,2108
174,DOWNTOWN,EAST,49.277467,-123.126667,EB1,09:45:37 pm,https://nb.translink.ca/geodata/006.kmz,006,10821551,2112
175,DAVIE,WEST,49.280867,-123.110983,WB1,09:41:29 pm,https://nb.translink.ca/geodata/006.kmz,006,10821786,2113
176,DAVIE,WEST,49.2762,-123.124617,WB1,09:46:32 pm,https://nb.translink.ca/geodata/006.kmz,006,10821743,2115
177,29TH AVE STN,EAST,49.281,-123.118367,EB1F,09:45:49 pm,https://nb.translink.ca/geodata/016.kmz,016,10767348,2117
178,DAVIE,WEST,49.28115,-123.110583,WB1,09:44:11 pm,https://nb.translink.ca/geodata/006.kmz,006,10821659,2118
179,UBC,WEST,49.268617,-123.186017,WBWKND4,09:46:58 pm,https://nb.translink.ca/geodata/004.kmz,004,10761654,2121
180,METROTOWN STN,EAST,49.3006,-123.133817,EB1,09:45:46 pm,https://nb.translink.ca/geodata/019.kmz,019,10768591,2122
181,29TH AVE STN,EAST,49.213867,-123.140767,EB1F,09:33:25 pm,https://nb.translink.ca/geodata/016.kmz,016,10767359,2124
182,DOWNTOWN,WEST,49.208917,-123.130233,WB1,09:47:09 pm,https://nb.translink.ca/geodata/017.kmz,017,10767994,2125
183,DUNBAR,WEST,49.268117,-123.153267,WB1FMN,09:46:22 pm,https://nb.translink.ca/geodata/007.kmz,007,10763637,2130
184,ALMA,WEST,49.265483,-123.024967,WB1A,09:38:32 pm,https://nb.translink.ca/geodata/009.kmz,009,10765114,2135
185,DUNBAR,WEST,49.282583,-123.119983,WB1FMN,09:45:50 pm,https://nb.translink.ca/geodata/007.kmz,007,10763638,2139
186,NANAIMO STN,EAST,49.266767,-123.138,EB1F,09:46:38 pm,https://nb.translink.ca/geodata/007.kmz,007,10763549,2144
187,STANLEY PARK,WEST,49.248883,-123.073217,WB1MN,09:46:31 pm,https://nb.translink.ca/geodata/019.kmz,019,10768677,2149
188,METROTOWN STN,EAST,49.263617,-123.100267,EB1,09:46:31 pm,https://nb.translink.ca/geodata/019.kmz,019,10768561,2150
189,BOUNDARY,EAST,49.262267,-123.07295,EB1BDY,09:46:39 pm,https://nb.translink.ca/geodata/009.kmz,009,10764910,2156
190,29TH AVE STN,EAST,49.271967,-123.044183,EB1F,09:47:00 pm,https://nb.translink.ca/geodata/016.kmz,016,10767422,2158
191,NANAIMO STN,EAST,49.26675,-123.185767,EB1F,09:46:00 pm,https://nb.translink.ca/geodata/007.kmz,007,10763552,2169
192,ARBUTUS,WEST,49.24425,-123.044817,WB1F,09:44:54 pm,https://nb.translink.ca/geodata/016.kmz,016,10767511,2170
193,ARBUTUS,WEST,49.263667,-123.139917,WB1F,09:46:45 pm,https://nb.translink.ca/geodata/016.kmz,016,10767527,2177
194,DOWNTOWN,EAST,49.26785,-123.138333,EB2F,09:46:04 pm,https://nb.translink.ca/geodata/014.kmz,014,10766297,2182
195,U B C,WEST,49.263833,-123.153633,WB2F,09:46:38 pm,https://nb.translink.ca/geodata/014.kmz,014,10766484,2185
196,DOWNTOWN,EAST,49.278417,-123.114633,EB1,09:46:20 pm,https://nb.translink.ca/geodata/006.kmz,006,10821784,2187
197,TO GRANVILLE,EAST,49.263533,-123.228183,EBUBO,09:46:59 pm,https://nb.translink.ca/geodata/014.kmz,014,10766300,2188
198,METROTOWN STN,EAST,49.238617,-123.05105,EB1,09:46:38 pm,https://nb.translink.ca/geodata/019.kmz,019,10768626,2192
199,METROTOWN STN,EAST,49.2294,-123.005783,EB1,09:46:37 pm,https://nb.translink.ca/geodata/019.kmz,019,10768623,2194
200,STANLEY PARK,WEST,49.2259,-123.00285,WB1MN,09:47:02 pm,https://nb.translink.ca/geodata/019.kmz,019,10768660,2198
201,DOWNTOWN,EAST,49.263783,-123.205267,EB2F,09:46:51 pm,https://nb.translink.ca/geodata/014.kmz,014,10766307,2201
202,29TH AVE STN,EAST,49.2813,-123.073217,EB1F,09:46:50 pm,https://nb.translink.ca/geodata/016.kmz,016,10767354,2208
203,DUNBAR,WEST,49.2849,-123.063533,WB1FMN,09:46:52 pm,https://nb.translink.ca/geodata/007.kmz,007,10763648,2209
204,UBC,WEST,49.266783,-123.139317,WBWKND4,09:46:41 pm,https://nb.translink.ca/geodata/004.kmz,004,10761608,2218
205,NANAIMO STN,EAST,49.234617,-123.185883,EB1F,09:39:52 pm,https://nb.translink.ca/geodata/007.kmz,007,10763553,2220
206,COMM'L-BDWAY STN,EAST,49.263267,-123.1186,EB31,09:45:24 pm,https://nb.translink.ca/geodata/009.kmz,009,10764904,2221
207,ROBSON,WEST,49.285017,-123.1202,WB1,09:46:22 pm,https://nb.translink.ca/geodata/005.kmz,005,10821508,2224
208,DOWNTOWN,EAST,49.2868,-123.141083,EB1,09:46:31 pm,https://nb.translink.ca/geodata/006.kmz,006,10821630,2225
209,OAK,EAST,49.219033,-123.1286,EB1F,09:46:49 pm,https://nb.translink.ca/geodata/017.kmz,017,10767905,2226
210,29TH AVE STN,EAST,49.25875,-123.153083,EB1F,09:46:41 pm,https://nb.translink.ca/geodata/016.kmz,016,10767350,2229
211,DOWNTOWN,EAST,49.266767,-123.138017,EBWKND,09:46:10 pm,https://nb.translink.ca/geodata/004.kmz,004,10761539,2230
212,STANLEY PARK,WEST,49.280667,-123.105317,WB1MN,09:47:11 pm,https://nb.translink.ca/geodata/019.kmz,019,10768666,2232
213,OAK,EAST,49.281733,-123.110333,EB1F,09:47:09 pm,https://nb.translink.ca/geodata/017.kmz,017,10767906,2235
214,NANAIMO STN,EAST,49.280733,-123.056533,EB1F,09:46:44 pm,https://nb.translink.ca/geodata/007.kmz,007,10763548,2239
215,ARBUTUS,WEST,49.21325,-123.145933,WB1F,09:45:51 pm,https://nb.translink.ca/geodata/016.kmz,016,10767456,2243
216,DOWNTOWN,NORTH,49.237783,-123.1016,NB1STN,09:47:01 pm,https://nb.translink.ca/geodata/003.kmz,003,10761017,2244
217,ALMA,WEST,49.262517,-123.093717,WB1A,09:47:12 pm,https://nb.translink.ca/geodata/009.kmz,009,10765040,2248
218,DOWNTOWN,EAST,49.268467,-123.204067,EBWKND,09:46:55 pm,https://nb.translink.ca/geodata/004.kmz,004,10761564,2250
219,ARBUTUS,WEST,49.282983,-123.119367,WB1F,09:47:03 pm,https://nb.translink.ca/geodata/016.kmz,016,10767446,2255
220,U B C,WEST,49.271433,-123.134933,WB2F,09:45:24 pm,https://nb.translink.ca/geodata/014.kmz,014,10766485,2259
221,U B C,WEST,49.28295,-123.111617,WB2F,09:47:10 pm,https://nb.translink.ca/geodata/014.kmz,014,10766486,2261
222,DAVIE,WEST,49.285267,-123.138733,WB1,09:46:42 pm,https://nb.translink.ca/geodata/006.kmz,006,10821687,2265
223,DOWNTOWN,WEST,49.264933,-123.114733,WB1,09:46:17 pm,https://nb.translink.ca/geodata/017.kmz,017,10767993,2266
224,ALMA,WEST,49.263417,-123.127133,WB28A,09:47:13 pm,https://nb.translink.ca/geodata/009.kmz,009,10765088,2267
225,ALMA,WEST,49.2629,-123.0677,WB28A,09:40:20 pm,https://nb.translink.ca/geodata/009.kmz,009,10765083,2269
226,ALMA,WEST,49.263867,-123.155433,WB1A,09:46:30 pm,https://nb.translink.ca/geodata/009.kmz,009,10765109,2270
227,UBC,WEST,49.282083,-123.109817,WBWKND4,09:47:02 pm,https://nb.translink.ca/geodata/004.kmz,004,10761606,2274
228,GRANVILLE,SOUTH,49.277767,-123.12725,SB1F,09:46:59 pm,https://nb.translink.ca/geodata/010.kmz,010,10765784,2507
229,MAIN-MARINE DR STN,SOUTH,49.273383,-123.1002,SB2,09:46:12 pm,https://nb.translink.ca/geodata/003.kmz,003,10761165,2510
230,DOWNTOWN,NORTH,49.22525,-123.06575,NB1,09:46:16 pm,https://nb.translink.ca/geodata/020.kmz,020,10769495,2511
231,DOWNTOWN,WEST,49.27345,-123.0999,WB1,09:46:52 pm,https://nb.translink.ca/geodata/008.kmz,008,10764224,2514
232,DOWNTOWN,NORTH,49.20915,-123.116017,NB1F,09:45:28 pm,https://nb.translink.ca/geodata/010.kmz,010,10765767,2518
233,DOWNTOWN,NORTH,49.210133,-123.0649,NB1,09:41:08 pm,https://nb.translink.ca/geodata/020.kmz,020,10769445,2519
234,DOWNTOWN,NORTH,49.275183,-123.069533,NB1,09:46:54 pm,https://nb.translink.ca/geodata/020.kmz,020,10769521,2522
235,FRASER,EAST,49.283717,-123.109533,EB1,09:47:11 pm,https://nb.translink.ca/geodata/008.kmz,008,10764072,2528
236,DOWNTOWN,NORTH,49.2053,-123.14035,NB1F,09:46:17 pm,https://nb.translink.ca/geodata/010.kmz,010,10765713,2531
237,GRANVILLE,SOUTH,49.262967,-123.138533,SB1F,09:46:51 pm,https://nb.translink.ca/geodata/010.kmz,010,10765821,2536
238,DOWNTOWN,NORTH,49.283617,-123.112533,NB1,09:46:17 pm,https://nb.translink.ca/geodata/020.kmz,020,10769522,2537
239,MAIN,SOUTH,49.254233,-123.100833,SB1,09:46:29 pm,https://nb.translink.ca/geodata/003.kmz,003,10761166,2539
240,FRASER,EAST,49.262817,-123.097983,EB1,09:45:46 pm,https://nb.translink.ca/geodata/008.kmz,008,10764117,2541
241,VICTORIA,SOUTH,49.281417,-123.10315,SB1F,09:46:08 pm,https://nb.translink.ca/geodata/020.kmz,020,10769661,2546
242,VICTORIA,SOUTH,49.277317,-123.06975,SB1F,09:46:44 pm,https://nb.translink.ca/geodata/020.kmz,020,10769586,2548
243,FRASER,EAST,49.23445,-123.090517,EB1,09:46:52 pm,https://nb.translink.ca/geodata/008.kmz,008,10764112,2553
244,DOWNTOWN,NORTH,49.281683,-123.10545,NB1STN,09:46:46 pm,https://nb.translink.ca/geodata/003.kmz,003,10761019,2556
245,VICTORIA,SOUTH,49.22655,-123.065683,SB1F,09:46:32 pm,https://nb.translink.ca/geodata/020.kmz,020,10769571,2557
246,VICTORIA,SOUTH,49.264567,-123.069733,SB1F,09:46:15 pm,https://nb.translink.ca/geodata/020.kmz,020,10769665,2559
247,DOWNTOWN,WEST,49.238833,-123.090383,WB1,09:46:44 pm,https://nb.translink.ca/geodata/008.kmz,008,10764189,2562
248,DOWNTOWN,NORTH,49.2654,-123.069717,NB1,09:46:32 pm,https://nb.translink.ca/geodata/020.kmz,020,10769474,2563
249,DOWNTOWN,NORTH,49.272333,-123.099967,NB1,09:46:29 pm,https://nb.translink.ca/geodata/003.kmz,003,10761018,2568
250,DOWNTOWN,NORTH,49.273883,-123.131067,NB1F,09:46:15 pm,https://nb.translink.ca/geodata/010.kmz,010,10765711,2573
251,MAIN-MARINE DR STN,SOUTH,49.213683,-123.102067,SB2,09:46:51 pm,https://nb.translink.ca/geodata/003.kmz,003,10761167,2574
252,KOOTENAY LOOP,WEST,49.290433,-122.933083,WB1,09:46:40 pm,https://nb.translink.ca/geodata/160.kmz,160,10788106,3310
253,COQ CTRL STN,EAST,49.270817,-122.8026,EB1,09:47:09 pm,https://nb.translink.ca/geodata/151.kmz,151,10786517,3316
254,COQ CTRL STN,EAST,49.24275,-122.773333,EB1A,09:46:54 pm,https://nb.translink.ca/geodata/159.kmz,159,10787775,3321
255,PT COQ STN,EAST,49.2777,-122.8462,EB1,09:46:20 pm,https://nb.translink.ca/geodata/160.kmz,160,10788053,3324
256,BURQUITLAM STN,WEST,49.2635,-122.8586,WB1,09:46:29 pm,https://nb.translink.ca/geodata/151.kmz,151,10786530,3325
257,PT COQ STN,EAST,49.28035,-122.987333,EB1,09:46:50 pm,https://nb.translink.ca/geodata/160.kmz,160,10788054,3332
258,KOOTENAY LOOP,WEST,49.270767,-122.783883,WB1,09:46:03 pm,https://nb.translink.ca/geodata/160.kmz,160,10788070,3333
259,COQ CTRL STN,WEST,49.268267,-122.756117,WB2,09:46:37 pm,https://nb.translink.ca/geodata/188.kmz,188,10791529,3338
260,COQ CTRL STN,WEST,49.25845,-122.7544,WB1MRB,09:45:39 pm,https://nb.translink.ca/geodata/701.kmz,701,10812527,3339
261,COQ CTRL STN,WEST,49.219633,-122.597167,WB1MRB,09:47:08 pm,https://nb.translink.ca/geodata/701.kmz,701,10812489,3341
262,BRAID STN,WEST,49.233333,-122.81945,WB1,09:47:08 pm,https://nb.translink.ca/geodata/159.kmz,159,10787780,3346
263,COQ CTRL STN,EAST,49.26305,-122.817583,EB1MAR,09:46:57 pm,https://nb.translink.ca/geodata/152.kmz,152,10786734,3347
264,COQ CTRL STN,EAST,49.271417,-122.802183,EB1,09:47:10 pm,https://nb.translink.ca/geodata/169.kmz,169,10788347,3350
265,BRAID STN,EAST,49.256383,-122.892883,EB1,09:46:08 pm,https://nb.translink.ca/geodata/156.kmz,156,10787361,3355
266,COQ CTRL STN,SOUTH,49.277483,-122.80175,SB1,09:46:14 pm,https://nb.translink.ca/geodata/191.kmz,191,10791905,3356
267,FRASER HWY EXP/SURREY CTRL STN,WEST,49.059067,-122.470717,WB1,09:46:57 pm,https://nb.translink.ca/geodata/503.kmz,503,10826395,7448
268,NEWTON EXCH,SOUTH,49.188817,-122.84875,SB1,09:45:12 pm,https://nb.translink.ca/geodata/324.kmz,324,10800826,7452
269,LANGLEY CTR,EAST,49.168667,-122.801483,EB1,09:46:53 pm,https://nb.translink.ca/geodata/320.kmz,320,10799553,7465
270,LANGELY CTR,EAST,49.104067,-122.705917,EB1,09:46:21 pm,https://nb.translink.ca/geodata/342.kmz,342,10802495,7470
271,WHITE ROCK CTR,SOUTH,49.031067,-122.801967,S9DB7,09:46:51 pm,https://nb.translink.ca/geodata/321.kmz,321,10799985,7474
272,LANGLEY CTR,EAST,49.12305,-122.7006,EB7,09:47:08 pm,https://nb.translink.ca/geodata/502.kmz,502,10826825,7475
273,FRASER HWY EXP/ALDERGROVE,EAST,49.118433,-122.6903,EB1,09:46:56 pm,https://nb.translink.ca/geodata/503.kmz,503,10826313,7476
274,SCOTT RD STN,NORTH,49.08755,-123.06185,NB4,09:42:42 pm,https://nb.translink.ca/geodata/640.kmz,640,10812134,7477
275,WHITE ROCK SOUTH,SOUTH,49.071633,-122.822333,SB2,09:45:52 pm,https://nb.translink.ca/geodata/321.kmz,321,10800022,7480
276,SCOTT & 96 AVENUE,WEST,49.189117,-122.8477,WB1,09:40:39 pm,https://nb.translink.ca/geodata/314.kmz,314,10798434,7482
277,GUILDFORD,NORTH,49.148533,-122.845783,NB2W,09:46:33 pm,https://nb.translink.ca/geodata/375.kmz,375,10804473,7488
278,SURREY CTRL STN,WEST,49.1981,-122.806233,WB1N,09:47:01 pm,https://nb.translink.ca/geodata/335.kmz,335,10801490,7501
279,BRITISH PROPERTIES,NORTH,49.359117,-123.130383,NB2,09:47:11 pm,https://nb.translink.ca/geodata/254.kmz,254,11155064,80706
280,VANCOUVER,EAST,49.327817,-123.1537,EB2,09:46:54 pm,https://nb.translink.ca/geodata/250.kmz,250,11154889,80903
281,HORSESHOE BAY,WEST,49.2824,-123.118017,WB1,09:46:55 pm,https://nb.translink.ca/geodata/250.kmz,250,11154942,80906
282,MAPLE RIDGE EAST,EAST,49.25505,-122.747017,EB1D1,09:45:52 pm,https://nb.translink.ca/geodata/701.kmz,701,10812430,8102
283,BURRARD STN B-LINE,WEST,49.281017,-123.004767,W1,09:45:52 pm,https://nb.translink.ca/geodata/095.kmz,095,10776668,8118
284,BURRARD STN B-LINE,WEST,49.281133,-123.088283,W1,09:46:39 pm,https://nb.translink.ca/geodata/095.kmz,095,10776640,8119
285,BURRARD STN B-LINE,WEST,49.2785,-122.912867,W1,09:41:33 pm,https://nb.translink.ca/geodata/095.kmz,095,10776674,8120
286,VANCOUVER,EAST,49.28675,-123.124717,EB1,09:46:51 pm,https://nb.translink.ca/geodata/250.kmz,250,11154812,81202
287,HORSESHOE BAY,WEST,49.357067,-123.2734,WB1,09:46:12 pm,https://nb.translink.ca/geodata/250.kmz,250,11154979,81212
288,VANCOUVER,EAST,49.349067,-123.2669,EB1,09:46:19 pm,https://nb.translink.ca/geodata/250.kmz,250,11154813,81216
289,HORSESHOE BAY,WEST,49.279733,-123.111883,WB1,09:40:02 pm,https://nb.translink.ca/geodata/250.kmz,250,11154933,81217
290,SFU B-LINE,EAST,49.285583,-123.1194,E1,09:45:50 pm,https://nb.translink.ca/geodata/095.kmz,095,10776517,8133
291,SFU B-LINE,EAST,49.281167,-123.055467,E1,09:46:17 pm,https://nb.translink.ca/geodata/095.kmz,095,10776529,8134
292,PRODUCTION STN,SOUTH,49.28015,-122.9203,SB1,09:46:22 pm,https://nb.translink.ca/geodata/145.kmz,145,10785563,8135
293,UBC B-LINE,WEST,49.2626,-123.093117,W1,09:45:43 pm,https://nb.translink.ca/geodata/099.kmz,099,10778378,8151
294,BRIDGEPORT STN,NORTH,49.080633,-123.078433,NB1,09:47:08 pm,https://nb.translink.ca/geodata/601.kmz,601,10810952,9244
295,CRESCENT BEACH,SOUTH,49.0719,-122.822117,SB1,09:46:52 pm,https://nb.translink.ca/geodata/351.kmz,351,10802903,9259
296,CRESCENT BEACH,SOUTH,49.167767,-123.086717,SB1,09:46:35 pm,https://nb.translink.ca/geodata/351.kmz,351,10802902,9262
297,SOUTH DELTA,SOUTH,49.090233,-123.058633,SB1,09:46:40 pm,https://nb.translink.ca/geodata/601.kmz,601,10811014,9266
298,BRIDGEPORT STN,NORTH,49.00635,-123.077667,NB1,09:45:57 pm,https://nb.translink.ca/geodata/601.kmz,601,10810959,9281
299,BRAID STN,EAST,49.199767,-122.9492,EB1,09:43:56 pm,https://nb.translink.ca/geodata/155.kmz,155,10787184,9401
300,METROTOWN STN,WEST,49.232067,-122.9943,WB1,09:46:45 pm,https://nb.translink.ca/geodata/110.kmz,110,10781157,9405
301,BRIGHOUSE STN,WEST,49.1823,-122.956183,W1,09:45:04 pm,https://nb.translink.ca/geodata/410.kmz,410,10807696,9406
302,22ND ST STN,EAST,49.177183,-123.040083,EB1,09:45:27 pm,https://nb.translink.ca/geodata/410.kmz,410,10807613,9410
303,NEW WEST STN,EAST,49.21745,-122.9529,EB106,09:45:33 pm,https://nb.translink.ca/geodata/106.kmz,106,10780609,9415
304,BRENTWOOD STN,WEST,49.212767,-122.926033,WB1,09:47:08 pm,https://nb.translink.ca/geodata/123.kmz,123,10782584,9424
305,NEW WEST STN,EAST,49.216417,-122.942933,EB1,09:46:52 pm,https://nb.translink.ca/geodata/112.kmz,112,10781411,9427
306,MARPOLE,WEST,49.20535,-123.1404,WB1,09:46:45 pm,https://nb.translink.ca/geodata/100.kmz,100,10869069,9428
307,MARPOLE,WEST,49.205817,-122.96975,WB1,09:46:30 pm,https://nb.translink.ca/geodata/100.kmz,100,10869070,9438
308,22ND ST STN VIA TRAPP,EAST,49.2074,-123.123567,EB1TR,09:47:12 pm,https://nb.translink.ca/geodata/100.kmz,100,10869011,9439
309,BRAID STN,EAST,49.231567,-122.891917,EB1,09:46:53 pm,https://nb.translink.ca/geodata/128.kmz,128,10782857,9441
310,LOUGHEED STN,EAST,49.2509,-122.9349,EB1,09:46:44 pm,https://nb.translink.ca/geodata/110.kmz,110,10781102,9444
311,SFU,NORTH,49.273533,-122.926017,NB1,09:46:12 pm,https://nb.translink.ca/geodata/144.kmz,144,10785091,9445
312,EDMONDS STN,WEST,49.201067,-122.914483,WB1,09:47:08 pm,https://nb.translink.ca/geodata/112.kmz,112,10781436,9449
313,SFU,NORTH,49.234217,-122.956683,NB1,09:46:15 pm,https://nb.translink.ca/geodata/144.kmz,144,10785121,9453
314,METROTOWN STN,WEST,49.224067,-122.986017,WB119,09:46:22 pm,https://nb.translink.ca/geodata/119.kmz,119,10782097,9466
315,MARPOLE VIA TRAPP,WEST,49.211133,-123.076783,WB1TR,09:46:51 pm,https://nb.translink.ca/geodata/100.kmz,100,10869077,9468
316,EDMONDS STN,EAST,49.230883,-122.96275,EB2,09:46:50 pm,https://nb.translink.ca/geodata/133.kmz,133,10784237,9469
317,BOUNDARY,EAST,49.263967,-123.16185,EB1BDY,09:46:33 pm,https://nb.translink.ca/geodata/009.kmz,009,10764958,9471
318,22ND ST STN,WEST,49.171733,-122.949533,WB1,09:46:30 pm,https://nb.translink.ca/geodata/340.kmz,340,10802106,9474
319,S. FALSE CREEK VIA GRANVILLE ISL.,SOUTH,49.279367,-123.105483,SB1FR,09:44:54 pm,https://nb.translink.ca/geodata/050.kmz,050,10823071,9490
320,BRENTWOOD STN,EAST,49.248533,-123.0776,EB1DT,09:46:55 pm,https://nb.translink.ca/geodata/025.kmz,025,10771318,9501
321,FRASER,EAST,49.216233,-123.091,EB1,09:47:08 pm,https://nb.translink.ca/geodata/008.kmz,008,10764073,9504
322,BRIGHOUSE STN,WEST,49.199933,-122.94845,W1,09:43:11 pm,https://nb.translink.ca/geodata/410.kmz,410,10807768,9507
323,DOWNTOWN,WEST,49.211317,-123.07715,WB2X,09:41:07 pm,https://nb.translink.ca/geodata/022.kmz,022,10770262,9511
324,METROTOWN STN,SOUTH,49.2618,-122.960217,SB1,09:46:15 pm,https://nb.translink.ca/geodata/144.kmz,144,10785147,9512
325,METROTOWN STN,WEST,49.212117,-122.958117,WB119,09:47:10 pm,https://nb.translink.ca/geodata/119.kmz,119,10782096,9514
326,OLYMPIC VILLAGE STN,NORTH,49.2303,-123.116167,NB1,09:46:37 pm,https://nb.translink.ca/geodata/015.kmz,015,10822894,9516
327,NEW WEST STN,EAST,49.266233,-123.0008,EB1,09:47:11 pm,https://nb.translink.ca/geodata/123.kmz,123,10782503,9517
328,S. FALSE CREEK VIA GRANVILLE ISL.,SOUTH,49.266467,-123.130883,SB1FR,09:47:09 pm,https://nb.translink.ca/geodata/050.kmz,050,10823073,9519
329,UBC,WEST,49.2485,-123.073267,WB1DT,09:47:08 pm,https://nb.translink.ca/geodata/025.kmz,025,10771456,9524
330,UBC,WEST,49.258467,-123.215,WB1DT,09:46:44 pm,https://nb.translink.ca/geodata/025.kmz,025,10771461,9525
331,THREE ROAD,SOUTH,49.1949,-123.126783,SB1,09:47:01 pm,https://nb.translink.ca/geodata/403.kmz,403,10805622,9543
332,STEVESTON,SOUTH,49.141017,-123.190683,SB1W,09:46:44 pm,https://nb.translink.ca/geodata/406.kmz,406,10806475,9551
333,BRIGHOUSE STN,WEST,49.2055,-123.077533,WB1,09:47:01 pm,https://nb.translink.ca/geodata/430.kmz,430,10808470,9555
334,ONE ROAD,WEST,49.164717,-123.134867,WB1E,09:39:06 pm,https://nb.translink.ca/geodata/401.kmz,401,10804934,9559
335,THREE ROAD,SOUTH,49.1695,-123.136617,SB1,09:45:50 pm,https://nb.translink.ca/geodata/403.kmz,403,10805621,9560
336,FOUR ROAD,EAST,49.165617,-123.136617,EB1RP,09:47:08 pm,https://nb.translink.ca/geodata/404.kmz,404,10805824,9563
337,BRIGHOUSE STN,NORTH,49.140183,-123.19175,NB1,09:47:04 pm,https://nb.translink.ca/geodata/406.kmz,406,10806391,9569
338,GILBERT,SOUTH,49.133733,-123.171267,SB1E,09:46:41 pm,https://nb.translink.ca/geodata/407.kmz,407,10806854,9575
339,TWO ROAD,SOUTH,49.1665,-123.13545,SB5,09:46:14 pm,https://nb.translink.ca/geodata/402.kmz,402,10805255,9577
340,BRIDGEPORT,NORTH,49.126433,-123.183983,NB1,09:36:20 pm,https://nb.translink.ca/geodata/407.kmz,407,10806833,9586
341,VANCOUVER,WEST,49.2827,-123.1182,W1,09:46:36 pm,https://nb.translink.ca/geodata/240.kmz,240,10795345,9609
342,LONSDALE QUAY,SOUTH,49.32105,-123.094467,S1,09:47:08 pm,https://nb.translink.ca/geodata/236.kmz,236,10794476,9614
343,29TH AVE STN,WEST,49.21485,-123.02995,W1,09:46:58 pm,https://nb.translink.ca/geodata/026.kmz,026,10771840,9615
344,PHIBBS EXCH,NORTH,49.306217,-123.026033,N1,09:46:51 pm,https://nb.translink.ca/geodata/028.kmz,028,10772345,9616
345,15TH STREET,EAST,49.279883,-123.11245,E1,09:46:07 pm,https://nb.translink.ca/geodata/240.kmz,240,10795297,9619
346,UPPER LYNN VALLEY,EAST,49.305433,-123.02895,E1,09:44:18 pm,https://nb.translink.ca/geodata/209.kmz,209,10792001,9629
347,15TH STREET,EAST,49.323883,-123.1122,E1,09:46:54 pm,https://nb.translink.ca/geodata/240.kmz,240,10795329,9634
348,DOWNTOWN,SOUTH,49.286617,-123.124517,S1,09:45:49 pm,https://nb.translink.ca/geodata/246.kmz,246,10795899,9636
349,LYNN VALLEY,EAST,49.3287,-123.072133,E1,09:46:25 pm,https://nb.translink.ca/geodata/229.kmz,229,10793717,9640
350,JOYCE STN,SOUTH,49.232083,-123.03155,S1,09:45:42 pm,https://nb.translink.ca/geodata/028.kmz,028,10772438,9641
351,GROUSE MTN,WEST,49.35965,-123.10535,W1,09:47:02 pm,https://nb.translink.ca/geodata/232.kmz,232,10794232,9646
352,JOYCE STN,EAST,49.2341,-123.132717,EB1REG,09:46:37 pm,https://nb.translink.ca/geodata/041.kmz,041,10773446,9684
353,BRENTWOOD STN,EAST,49.258267,-123.2118,EB1DT,09:46:15 pm,https://nb.translink.ca/geodata/025.kmz,025,10771329,9687
354,DOWNTOWN,EAST,49.285867,-123.11895,EB1,09:46:17 pm,https://nb.translink.ca/geodata/005.kmz,005,10821350,9689
355,BRIGHOUSE STN,NORTH,49.1556,-123.14925,NB3,09:46:37 pm,https://nb.translink.ca/geodata/402.kmz,402,10805235,9697
356,DOWNTOWN,EAST,49.286017,-123.1207,EB2,09:46:06 pm,https://nb.translink.ca/geodata/002.kmz,002,10820492,9698
357,DOWNTOWN,WEST,49.280667,-123.10535,WB2X,09:46:13 pm,https://nb.translink.ca/geodata/022.kmz,022,10770253,9705
358,JOYCE STN,EAST,49.237033,-123.033017,E1,09:46:18 pm,https://nb.translink.ca/geodata/026.kmz,026,10771751,9708
359,ELLIOTT,SOUTH,49.21145,-123.0636,S1,09:37:15 pm,https://nb.translink.ca/geodata/029.kmz,029,10772691,9709
360,JOYCE STN,EAST,49.24435,-123.044483,E1,09:44:46 pm,https://nb.translink.ca/geodata/026.kmz,026,10771762,9710
361,VANCOUVER,WEST,49.3059,-123.031017,W1,09:47:08 pm,https://nb.translink.ca/geodata/209.kmz,209,10792015,9711
362,PHIBBS EXCH,NORTH,49.2363,-123.027617,N1,09:46:58 pm,https://nb.translink.ca/geodata/028.kmz,028,10772357,9716
363,CAPILANO U,EAST,49.30585,-123.029217,E1,09:46:21 pm,https://nb.translink.ca/geodata/239.kmz,239,10794811,9719
364,KOOTENAY LOOP,NORTH,49.243383,-123.00325,N2B,09:46:37 pm,https://nb.translink.ca/geodata/130.kmz,130,10783536,9729
365,LYNN VALLEY,NORTH,49.326483,-123.056117,N1,09:47:00 pm,https://nb.translink.ca/geodata/228.kmz,228,10793479,9734
366,VANCOUVER,WEST,49.322167,-123.079817,W1,09:46:47 pm,https://nb.translink.ca/geodata/240.kmz,240,10795364,9736
367,CAPILANO U,EAST,49.324,-123.121567,E1,09:46:04 pm,https://nb.translink.ca/geodata/239.kmz,239,10794864,9737
368,PARK ROYAL,WEST,49.323917,-123.114867,W1,09:46:59 pm,https://nb.translink.ca/geodata/239.kmz,239,10794874,9738
369,LONSDALE QUAY,SOUTH,49.323583,-123.056283,S1,09:46:37 pm,https://nb.translink.ca/geodata/228.kmz,228,10793518,9740
370,LONSDALE QUAY,SOUTH,49.320467,-123.091367,S1,09:46:38 pm,https://nb.translink.ca/geodata/249.kmz,249,10826675,9741
371,VANCOUVER,WEST,49.321867,-123.056733,W1,09:44:52 pm,https://nb.translink.ca/geodata/240.kmz,240,10795381,9746
372,PARK ROYAL,WEST,49.30525,-123.028217,W1,09:46:57 pm,https://nb.translink.ca/geodata/239.kmz,239,10794943,9748
373,UPPER LONSDALE,NORTH,49.334867,-123.072017,N2B,09:47:11 pm,https://nb.translink.ca/geodata/230.kmz,230,10793987,9752
374,PHIBBS EXCH,EAST,49.338867,-123.103783,E1,09:45:39 pm,https://nb.translink.ca/geodata/232.kmz,232,10794182,9756
375,JOYCE STN,SOUTH,49.281483,-123.02645,S1,09:44:53 pm,https://nb.translink.ca/geodata/027.kmz,027,10772091,9757
376,METROTOWN STN,SOUTH,49.22705,-123.006433,S1,09:45:44 pm,https://nb.translink.ca/geodata/130.kmz,130,10783714,9758
377,METROTOWN STN,SOUTH,49.281483,-123.026067,S2B,09:42:50 pm,https://nb.translink.ca/geodata/130.kmz,130,10783719,9760
378,PHIBBS EXCH,WEST,49.326067,-122.950617,W2,09:44:14 pm,https://nb.translink.ca/geodata/212.kmz,212,10792747,9765
379,LONSDALE QUAY,WEST,49.3336,-123.07205,W1,09:47:12 pm,https://nb.translink.ca/geodata/229.kmz,229,10793758,9769
380,DEEP COVE,EAST,49.30575,-123.028633,E1,09:43:06 pm,https://nb.translink.ca/geodata/212.kmz,212,10792700,9771
381,VANCOUVER,WEST,49.348767,-123.024717,W1,09:38:14 pm,https://nb.translink.ca/geodata/209.kmz,209,10792014,9774
382,GROUSE MTN,WEST,49.305233,-123.028217,W1,09:45:03 pm,https://nb.translink.ca/geodata/232.kmz,232,10794215,9782
383,UPPER LYNN VALLEY,EAST,49.28595,-123.120367,E1,09:45:31 pm,https://nb.translink.ca/geodata/209.kmz,209,10792000,9784
384,METROTOWN STN,SOUTH,0.0,0.0,S1,09:46:57 pm,https://nb.translink.ca/geodata/130.kmz,130,10783656,9791
